{
  "best_config": [
    [
      3,
      "mlp.c_fc",
      0,
      0.0
    ]
  ],
  "results": {
    "baseline": 0.0,
    "svd_only": 0.022988505747126436,
    "lora_only": 0.6436781609195402,
    "svd_lora": 0.5977011494252874
  },
  "synergy": -0.06896551724137925
}